{
  "output_dir": "C:\\Users\\pds20\\firecast\\src\\outputs\\reports\\station_winners_20260414_110925",
  "winners": [
    {
      "station_id": "104",
      "model_name": "catboost",
      "rows": 241,
      "positive": 14,
      "positive_rate_true": 0.058091286307053944,
      "roc_auc": 0.8650094398993078,
      "pr_auc": 0.3082667839877712,
      "brier": 0.1983324966565003,
      "log_loss": 0.5869074499459823,
      "precision": 0.14634146341463414,
      "recall": 0.8571428571428571,
      "f1": 0.25,
      "positive_rate": 0.34024896265560167,
      "false_alarm_rate": 0.30837004405286345,
      "threshold": 0.5,
      "confusion_matrix": {
        "tn": 157,
        "fp": 70,
        "fn": 2,
        "tp": 12
      },
      "recall_at_precision_threshold": 0.558721569060559,
      "recall_at_precision_precision": 0.3,
      "recall_at_precision": 0.6428571428571429,
      "recall_at_far_threshold": 0.5784383514346897,
      "recall_at_far_precision": 0.3125,
      "recall_at_far": 0.35714285714285715,
      "recall_at_far_far": 0.048458149779735685
    },
    {
      "station_id": "105",
      "model_name": "tcn",
      "rows": 241,
      "positive": 9,
      "positive_rate_true": 0.03734439834024896,
      "roc_auc": 0.7662835249042146,
      "pr_auc": 0.1523192633241232,
      "brier": 0.2005685362923002,
      "log_loss": 0.6052390195500755,
      "precision": 0.07692307692307693,
      "recall": 0.5555555555555556,
      "f1": 0.13513513513513514,
      "positive_rate": 0.2697095435684647,
      "false_alarm_rate": 0.25862068965517243,
      "threshold": 0.5,
      "confusion_matrix": {
        "tn": 172,
        "fp": 60,
        "fn": 4,
        "tp": 5
      },
      "recall_at_precision_threshold": 0.950741708278656,
      "recall_at_precision_precision": 0.3,
      "recall_at_precision": 0.3333333333333333,
      "recall_at_far_threshold": 0.950741708278656,
      "recall_at_far_precision": 0.3,
      "recall_at_far": 0.3333333333333333,
      "recall_at_far_far": 0.03017241379310345
    }
  ]
}