{
  "output_dir": "C:\\Users\\pds20\\firecast\\src\\outputs\\reports\\model_benchmark_20260414_110157",
  "ranking": [
    {
      "model_name": "catboost",
      "rows": 482,
      "positive": 23,
      "roc_auc": 0.8301600833570144,
      "pr_auc": 0.22587240622249657,
      "brier": 0.17653086409343627,
      "log_loss": 0.5397856533214341,
      "precision": 0.12195121951219512,
      "recall": 0.6521739130434783,
      "f1": 0.2054794520547945,
      "false_alarm_rate": 0.23529411764705882,
      "positive_rate": 0.2551867219917012,
      "recall_at_precision": 0.30434782608695654,
      "recall_at_precision_threshold": 0.5665933732109876,
      "recall_at_far": 0.34782608695652173,
      "recall_at_far_threshold": 0.5614519089416691
    },
    {
      "model_name": "tcn",
      "rows": 482,
      "positive": 23,
      "roc_auc": 0.7860187553282183,
      "pr_auc": 0.2060624516829676,
      "brier": 0.2900212022718767,
      "log_loss": 0.9177811889156678,
      "precision": 0.09137055837563451,
      "recall": 0.782608695652174,
      "f1": 0.16363636363636364,
      "false_alarm_rate": 0.3899782135076253,
      "positive_rate": 0.4087136929460581,
      "recall_at_precision": 0.21739130434782608,
      "recall_at_precision_threshold": 0.9769993424415588,
      "recall_at_far": 0.2608695652173913,
      "recall_at_far_threshold": 0.9699012637138367
    },
    {
      "model_name": "lr",
      "rows": 482,
      "positive": 23,
      "roc_auc": 0.615799943165672,
      "pr_auc": 0.060353178851974415,
      "brier": 0.16813574910278536,
      "log_loss": 0.49302452176480965,
      "precision": 0.05217391304347826,
      "recall": 0.2608695652173913,
      "f1": 0.08695652173913043,
      "false_alarm_rate": 0.2374727668845316,
      "positive_rate": 0.23858921161825727,
      "recall_at_precision": NaN,
      "recall_at_precision_threshold": NaN,
      "recall_at_far": 0.0,
      "recall_at_far_threshold": 0.866476001049715
    }
  ]
}